input,target
The model is good and fast.,The proposed model exhibits strong performance and efficiency.
We tried some tests and they worked well.,"Several experiments were conducted, all of which demonstrated promising results."
This system gives better results than old ones.,This system outperforms traditional approaches in terms of accuracy and scalability.
The algorithm was run on many datasets.,The algorithm was evaluated using a diverse set of benchmark datasets.
We can say it works great.,These findings suggest the approach is both effective and reliable.
Our method is simple but it does the job.,Our approach is straightforward yet achieves the intended objectives.
"There are many problems, but we fixed them.","Several issues were encountered, all of which were systematically resolved."
The results are okay and show improvement.,The outcomes indicate measurable improvements over baseline methods.
We used some tools to help with this.,Auxiliary tools were employed to support the development process.
It shows better accuracy than others.,The approach demonstrates superior accuracy compared to existing methods.
